name,birthdate,email,country,phonenumber,job,username,password
Michael Hayes,2/28/1959,thompsonjuan@example.net,Gambia,856-966-9152x509,"Programmer, systems",matthewmiller,&0ZIXze%cM
Raven Mclean,8/6/2002,qgordon@example.org,Lesotho,877-783-8513,"Clinical scientist, histocompatibility and immunogenetics",halexander,2rQ3*Kst*4
Katherine Carpenter,3/11/2006,nevans@example.org,Solomon Islands,-5177,Arts development officer,kyle33,GT9RkVj+%(
Susan Knight,1/23/1967,alexander53@example.com,Saint Lucia,-2544,Agricultural consultant,imacdonald,G7SrgUaM+y
Rachel Brown,10/23/1971,ygriffin@example.com,Suriname,827.292.1247x26879,Occupational psychologist,chanstephanie,E8&8ODEdJJ
Erika Duffy,1/17/1931,michael50@example.com,Zimbabwe,(784)462-9112x96849,TEFL teacher,hilldouglas,@hNaJrE@5h
Natalie Oneal,7/26/1960,julieboyd@example.net,Azerbaijan,(422)670-6255x9051,Science writer,christopher40,xNx6MO@g(C
Joshua Willis,7/15/1923,reedlouis@example.net,Honduras,352.353.0251x743,Immigration officer,rebecca85,W(2S$$q0j(
Jonathan Butler,9/6/1948,ksullivan@example.net,Heard Island and McDonald Islands,519-301-7187x49355,"Scientist, forensic",ybrown,1!nnL9Rk*t
Tiffany Stephens,12/26/1977,boyerdana@example.org,Uzbekistan,473-445-8816x3890,"Journalist, newspaper",seth77,h0AVZOwa(4
Jeremy Best,1/2/1916,abeck@example.org,Faroe Islands,(547)561-7244x376,"Designer, television/film set",daviskevin,0@#h40Ix!F
Karen Morris,5/31/2018,dillondavis@example.org,Gambia,425-402-7533x86474,Commercial art gallery manager,jenniferhernandez,z(+FE1YgPa
Justin Smith,12/24/1950,tibarra@example.net,Macao,957.446.8698x901,"Social research officer, government",fsteele,%91PE43l6D
Joseph Griffin,8/16/1946,olewis@example.com,Pitcairn Islands,(987)479-1167x30164,"Designer, graphic",ronaldwheeler,%ZvK!+fna2
Caitlin Fisher,4/28/1911,williamstravis@example.org,Vanuatu,7333198847,Clothing/textile technologist,trogers,Ok*4SFp(!F
Daniel Sanchez,9/16/1948,jeremywilliams@example.org,Zimbabwe,748.326.3743x7845,"Engineer, agricultural",megan13,&S5gMEa0I+
Amy Walker,9/16/1964,nicole64@example.net,Argentina,(601)487-8106,"Scientist, marine",davidmiller,Rf9BYcnz6_
Cindy Gonzalez,4/19/1960,hornlisa@example.org,Turkmenistan,(388)831-3739,Geophysicist/field seismologist,rodriguezerica,F$Ve+0Oh&u
Kayla Peters,1/20/2013,ggonzalez@example.com,Grenada,(472)504-7207x11088,Geochemist,elizabeth62,!5NFz3HS9S
Kelly Lyons,9/10/1930,richardsonmatthew@example.net,Anguilla,001-671-394-1558x082,Manufacturing systems engineer,lkhan,UwZNUwJ((8
Laura Martin,11/1/1954,alisoncox@example.org,French Southern Territories,(732)202-7965x98654,Clinical research associate,williamcampbell,yqw9O^CHM^
Mrs. Lori Thompson DVM,8/20/1939,lnguyen@example.org,Guadeloupe,7536141845,Careers information officer,walkerdeanna,e3z!2(Lm2i
Taylor Mejia,10/4/2004,deborahvincent@example.com,Portugal,(741)544-9483,Mudlogger,jonathanpowell,b5Z7Uh)y)4
Lisa Tate,2/16/2023,tylerowens@example.net,Heard Island and McDonald Islands,+1-720-857-5334x2195,Geophysical data processor,robert63,14^79Rv%s1
Victoria Mayo,3/10/1937,davidball@example.com,Saint Kitts and Nevis,+1-298-952-0006x91495,Sports development officer,cameronsantos,)u%8YghQ*X
Richard Horne,9/5/1999,aprilbell@example.org,Lao People's Democratic Republic,001-636-212-2738x811,Toxicologist,ipalmer,%43FPKUfc@
Jennifer Erickson,3/3/1996,uallison@example.net,Samoa,-5929,Chartered management accountant,susan85,_E3QeueP+I
Julia Thompson,11/7/1951,edwardsalan@example.net,Tunisia,(427)745-8798x325,Teaching laboratory technician,edwardsjennifer,TY3ARMfK&H
Dana Montgomery,10/16/2007,jeremy69@example.com,Slovenia,(737)346-1890,Heritage manager,hilltammy,g^3rqoMbRq
Jennifer Navarro,11/3/1973,lauriegomez@example.com,Greece,649.825.9257,Technical sales engineer,maxwellbetty,@8yg&KPnvN
Taylor Harrison DDS,9/6/2010,jeffrey66@example.net,Nauru,221.742.3499x74174,Charity officer,charleskirby,$4WNi!ibE0
Mr. Aaron Thomas,7/2/1930,steven79@example.net,Kazakhstan,229-340-7902,"Designer, jewellery",hammondjustin,DA(^2VLlVG
Steven White,10/14/2002,sandra98@example.net,Solomon Islands,+1-734-225-5177x933,Analytical chemist,rrodriguez,$@Q3cXLzMf
Megan Woodward,6/17/1943,sean30@example.com,Nepal,(384)406-1817,Drilling engineer,kathyowens,az_$2^JuUu
Melanie Graves,12/7/1936,sotothomas@example.org,Libyan Arab Jamahiriya,-10289,"Designer, industrial/product",kellygreen,#FNMm^5F0l
Donna Davis,7/17/1918,walkerwanda@example.net,Qatar,740.420.9974x3693,Planning and development surveyor,sbrown,_QSn7V3ex+
Alexis Livingston,7/1/1962,greenheather@example.com,Brunei Darussalam,(590)670-8309,Contractor,hfigueroa,3+HePp*d!j
Brandon Ray,7/30/1917,sandrajohnson@example.net,Malta,789.964.6583,Financial controller,mirandahernandez,pIRSHozJ(6
Lauren Ross,12/25/1968,stevensmith@example.net,San Marino,+1-561-234-8004x7452,Soil scientist,brobinson,r@45MXmefN
Courtney Cook,12/13/2001,nmendoza@example.com,Argentina,(257)589-5667x4341,Podiatrist,alison63,O@4RG+7zux
David Morales,2/28/2018,kharvey@example.com,British Indian Ocean Territory (Chagos Archipelago),526-880-1287x19427,"Producer, television/film/video",ryan79,!LAJ5OaTY4
David Moore,1/18/1913,lucas05@example.net,Mongolia,001-832-855-7108,Secretary/administrator,thomashanson,@49tRJyF@A
Caleb Wilson,11/27/1912,nicole52@example.com,Jordan,961.707.7377x201,Music tutor,fletchersamantha,U^k)4bExP0
Thomas Wilson,12/27/2011,proberts@example.net,Qatar,001-842-760-9046x3970,Artist,lloydjoseph,&G&x^s(^6i
Sean Alvarez,7/3/1987,jthompson@example.org,Barbados,208-341-9088x9194,Arts development officer,breannasoto,etZ#7_PmJP
Jeremy Gardner,8/9/1934,jamesthornton@example.com,Grenada,+1-258-631-8920x83153,Broadcast journalist,pwallace,@T4jRrlBM!
Eric Turner,1/21/1972,joseph49@example.org,Antigua and Barbuda,927.213.1886,Hospital doctor,kellyallison,2)oWWuYz+k
Brittany Randall,1/3/1930,herringstefanie@example.net,Netherlands Antilles,865-363-5833x1304,Health and safety inspector,jessica81,F3+W_vJA#A
Alan Atkinson,6/21/1935,maryscott@example.net,Colombia,001-971-859-6080x17063,Armed forces training and education officer,eburns,!3i6E2xCf4
Ethan Smith,10/21/1952,asimmons@example.org,Dominican Republic,001-379-882-5988,"Psychotherapist, child",lisaberger,^sz1Dqid(u
William Lyons,6/6/1917,stephen33@example.com,Papua New Guinea,001-754-556-8226x338,Actuary,hugheskevin,%9WumMDj%Y
Christina Mills,4/2/1937,haneyjanice@example.org,Puerto Rico,+1-894-821-8742x422,Graphic designer,utorres,biJVvw*$@0
Maria King,11/7/1994,mnelson@example.org,Palau,(689)369-5508x986,Market researcher,jacob58,&ZZJ#WDyA4
Juan Shannon,7/11/2022,robert79@example.net,Cambodia,8134276091,Gaffer,cooktony,#)31YP5kuw
Benjamin Trujillo,11/11/1953,lisagreen@example.com,Ethiopia,(726)485-8194,IT trainer,veronica84,^pQW!%Ya9g
Rebecca Davis,9/16/1924,gregory36@example.com,Qatar,209.587.4029x03088,Medical laboratory scientific officer,tina41,(3lJLxQvz8
Christopher Thornton,7/23/1950,jennifer57@example.org,Ukraine,688-647-4220x0134,Theme park manager,timothy76,(4LcUPpoJ1
Melissa Caldwell,3/29/1969,avaughn@example.net,Belize,231.881.3084,Medical laboratory scientific officer,jwilliams,Sv4BF*Qtt(
Mary Collins,4/18/1976,jessica66@example.net,Hong Kong,663-482-4449x206,"Production assistant, radio",hillmelissa,x0J65Syj)$
Jonathan Arellano,8/15/1921,hornapril@example.org,Antigua and Barbuda,798-496-1670x742,Colour technologist,jonathan59,@cKhVCyf6X
Michael Stephens,4/27/1910,zwalsh@example.net,Iceland,001-314-663-8202x9728,"Scientist, research (life sciences)",spatel,*4Ek8s3+B(
Rachel Perez,10/2/1929,shaun35@example.org,Madagascar,001-306-202-2593x72416,Chartered loss adjuster,tiffanyhorn,sgfE10BUT@
Megan Villarreal,1/24/1971,samantharuiz@example.net,Bulgaria,(857)738-2909x0697,"Engineer, agricultural",scott22,_g05Y9cw)d
Susan Griffin,4/19/1978,aleckelly@example.org,Norfolk Island,(351)589-9822,"Geologist, engineering",igreen,#NAME?
Tiffany May,10/15/2022,hayneswilliam@example.org,Turkmenistan,+1-900-250-7450x639,Artist,carterlisa,@$53Dcccf9
Kelly Thompson,9/22/1955,kimberly37@example.com,Maldives,(741)710-9060,Theme park manager,karenthompson,h8nLyLp+)q
Brandon Hurst,2/8/2013,websterwilliam@example.org,Kazakhstan,2707618211,"Radiographer, therapeutic",thomasheath,@e7Dh##c4*
Henry Lewis,12/12/1947,lauracastro@example.org,San Marino,305.666.0677,Veterinary surgeon,cmiller,q!b9(Eb+Xq
Deborah Allen,1/3/1967,cynthiarice@example.com,Luxembourg,801.683.9358x699,Television floor manager,parkerdakota,%rP2Dmp%Jw
Alec Walker,1/3/1922,careyrenee@example.org,Hungary,916.613.5845x7502,"Lighting technician, broadcasting/film/video",heathersandoval,^jKv$ZfvL3
Kenneth Garrison,10/30/1944,tricia55@example.com,Bangladesh,001-355-793-2085x15499,Cabin crew,qgreene,O*3D+1Vmay
Shelby Clark,9/16/1945,charles27@example.com,Swaziland,9518270784,Electrical engineer,samantha07,D@2W0&oiDe
Michelle Willis,2/25/1946,pamelaayala@example.com,Norway,(941)800-9486x26491,"Designer, television/film set",georgedaniels,!3WeExd3&S
Patrick Powers,8/15/1952,solisbrian@example.com,Martinique,362-492-9850x64917,Quarry manager,ychapman,#Pu0XCRcmq
Kyle Perry,11/5/1944,millerolivia@example.com,Saint Barthelemy,001-400-647-2023x8701,Insurance account manager,fperez,(y%3s8YnEi
Eric Good,3/26/1922,pdecker@example.net,Bahrain,(924)704-0851,Osteopath,michaelevans,8zmBPeUE%i
Dr. Jenna Williams,3/28/1966,brendanwhite@example.com,Jordan,(501)255-7127x881,Field trials officer,ddavis,u^6Qdu8XFg
John Peters,9/20/1955,katrinamorales@example.com,Dominica,+1-809-457-8109x8022,Trade mark attorney,wheelerrobert,uLS)8Vz3qB
Monica Martinez,6/13/1976,jenniferjohnson@example.net,Samoa,(863)901-5560x21628,Contractor,johndouglas,g4TQWvBe+b
Eric Marks,4/20/1975,william87@example.com,Ecuador,522.782.0406x654,Conference centre manager,jackiecosta,$yUe@Vvmn7
Mason Smith,10/14/1995,elowery@example.net,Vietnam,428.859.9391x983,"Research officer, political party",laustin,7l+0Ywnwik
Michelle Ho,10/21/1922,cjones@example.com,Belgium,587-472-8469,Armed forces logistics/support/administrative officer,morrisjennifer,^R*fFnhx3l
Lisa Miller,2/20/1942,cherylortiz@example.net,Saudi Arabia,001-476-506-7483x5423,Research scientist (physical sciences),erinpatel,M*l_6No9dj
Craig Bright,11/14/1970,wellsstacey@example.net,Palau,543-239-9435,"Surveyor, mining",waterssarah,!!J9SHYPb7
Jacqueline Robertson,10/15/2011,amber36@example.net,French Guiana,(413)602-2764x612,Art gallery manager,hernandezstephanie,bhq9NdM^S@
Brandon Garcia,8/25/2020,campbelleddie@example.com,Trinidad and Tobago,(617)889-8372x2445,Civil Service administrator,khood,3r@EzDh)@z
Joe Clark,6/11/1993,clarkkaylee@example.org,Taiwan,+1-416-252-0452x60111,"Engineer, maintenance",dickersongary,Ox0PkpMdS@
Crystal Harris,2/27/2000,dsandoval@example.org,Wallis and Futuna,001-867-544-6925x967,"Programmer, applications",hayeswilliam,B^0QbhasPy
Alan Jennings,8/31/1926,samuel25@example.net,New Caledonia,(612)585-4545,Training and development officer,xmann,CB1NGxv8H)
Matthew Lloyd,3/2/1966,rossjeff@example.org,Czech Republic,608.807.9420,"Teacher, primary school",robert26,wR74CXhj$H
Derek Allen,2/6/1997,patrickyates@example.org,Andorra,(429)621-6675,IT sales professional,nicholsonshawn,3vi1NTSbN+
Darrell Hodges,10/9/1920,derek22@example.net,United Kingdom,001-842-807-8339x05379,Human resources officer,christensentina,@J*JQ_ler0
Jason Smith,1/1/2004,dawnflores@example.net,Guyana,(667)635-1858x25039,Surgeon,gconley,!wApEAmQG6
Marvin Reed,11/15/1917,simmonsdean@example.com,Saint Martin,-5203,Community pharmacist,wangdavid,%KO1Ihmk17
Ricardo Henry,8/10/1910,frances58@example.net,Malawi,203-379-4851,Paramedic,taylorkristen,&rsf3OAwbI
Renee Nicholson,11/6/1945,jessica89@example.com,Finland,001-818-266-0548,Public librarian,schmidtmichael,)I75+*Di7+
Emily Goodwin,1/9/1910,amber22@example.com,Jersey,(510)376-5671x087,Television/film/video producer,kbennett,EaH8V9ys6+
Chris Peterson,12/15/1961,dgraham@example.org,Bosnia and Herzegovina,5415609941,Event organiser,laura60,yB+Ju%24^1
Adam Williams,3/14/1938,uthompson@example.net,Zambia,(857)612-2485x51847,Geoscientist,pattersonmary,+cYS$&QAl9
Abigail Williams,2/9/1988,gomezmonica@example.org,Lebanon,7888997710,Location manager,sara75,$PiBoIBuj5
